pdbid,num_hel,hel_idx,bseq1,bseq2,bidx1,bidx2
1bjd,1,0,CGTGACGTTACG,GCATTGCAGTGC,1|2|3|4|5|6|7|8|9|10|11|12,1|2|3|4|5|6|7|8|9|10|11|12
1bps,1,0,GGTCACGAG,CCAGGGCTC,1|2|3|4|5|6|7|8|9,10|11|12|13|14|15|16|17|18
1dsd,1,0,GATGCTTC,CTTCGTAG,1|2|3|4|5|6|7|8,9|10|11|12|13|14|15|16
1dxa,1,0,GGTCACGAG,CCAGGGCTC,1|2|3|4|5|6|7|8|9,1|2|3|4|5|6|7|8|9
1fky,1,0,GCCACCAGCTC,CGGTGTTCGAG,1|2|3|4|5|6|7|8|9|10|11,12|13|14|15|16|17|18|19|20|21|22
1kkw,1,0,CCATGCGTGG,GGTGCGTACC,1|2|3|4|5|6|7|8|9|10,1|2|3|4|5|6|7|8|9|10
1n1n,1,0,ACATCGATCT,TGTAACTAGA,1|2|3|4|5|6|7|8|9|10,11|12|13|14|15|16|17|18|19|20
1onm,1,0,GCTTCAGTCGT,CGAAGGCAGCA,1|2|3|4|5|6|7|8|9|10|11,12|13|14|15|16|17|18|19|20|21|22
2kar,1,0,GCTAGCGAGTCC,CGATCGATCAGG,1|2|3|4|5|6|7|8|9|10|11|12,13|14|15|16|17|18|19|20|21|22|23|24
2lg2,1,0,GCTAGCGAGTCC,CGATCGTTCAGG,1|2|3|4|5|6|7|8|9|10|11|12,13|14|15|16|17|18|19|20|21|22|23|24
2ll9,1,0,CGTCGTAGTGC,GCAGCTTCACG,1|2|3|4|5|6|7|8|9|10|11,12|13|14|15|16|17|18|19|20|21|22
2mo7,1,0,CGCAAATTCGCG,GCGCTTAAACGC,1|2|3|4|5|6|7|8|9|10|11|12,13|14|15|16|17|18|19|20|21|22|23|24
2rvp,1,0,TAATATACTTAATTA,ATTATATCAATTAAT,1|2|3|4|5|6|7|8|9|10|11|12|13|14|15,16|17|18|19|20|21|22|23|24|25|26|27|28|29|30
